{
  "project_info": {
    "project_number": "310846832521",
    "project_id": "b07-planetze-2f957",
    "storage_bucket": "b07-planetze-2f957.firebasestorage.app"
  },
  "client": [
    {
      "client_info": {
        "mobilesdk_app_id": "1:310846832521:android:4bd36c5605158293866b58",
        "android_client_info": {
          "package_name": "com.example.planetzeapplication"
        }
      },
      "oauth_client": [],
      "api_key": [
        {
          "current_key": "AIzaSyDl8YbRj8U46nJlzURgQq37aPFI3Ab9pIU"
        }
      ],
      "services": {
        "appinvite_service": {
          "other_platform_oauth_client": []
        }
      }
    }
  ],
  "configuration_version": "1"
}